0001,872PU
0002,DL5ZX
0003,S20MP
0004,1JWZU
0005,ZDQGV
0006,8FQWQ
0007,XV9TK
0008,SE2MX
0009,KG5JK
0010,903P7
0011,E2MHN
0012,UFNHV
0013,CTYYJ
0014,PNF3V
0015,PKTCX
0016,GJY0U
0017,YR7FH
0018,4TY0H
0019,Y5RWV
0020,NWEAE
0021,31JZE
0022,LAB94
0023,8CQFG
0024,G2K6U
0025,TNFNF
0026,MTPQX
0027,GJH7X
0028,AC0YZ
0029,H5WDR
0030,EABQH
0031,77AWA
0032,1SWM4
0033,1U892
0034,2044M
0035,FGKFN
0036,VERQM
0037,CQQYA
0038,3476X
0039,R3VL8
0040,87DKB
0041,F9LAY
0042,RM5VX
0043,BCJC7
0044,N5JSF
0045,3TG37
0046,BWVQK
0047,USJQP
0048,27SJY
0049,CPDE3
0050,SQBJ9
0051,VAC7H
0052,XJT8C
0053,52AT8
0054,M6FDT
0055,PYZMA
0056,0DKXS
0057,7QGWP
0058,X2PWG
0059,FDCSY
0060,2JJM5
0061,TKB34
0062,3E930
0063,1CC8X
0064,QPC15
0065,HV5DQ
0066,7U02L
0067,EPMC3
0068,ATN1M
0069,RGES5
0070,90Y6X
0071,3GN4T
0072,LAN50
0073,CCG08
0074,C1QUE
0075,1APRY
0076,H2WKP
0077,RP9V5
0078,M49SC
0079,SHPNZ
0080,L7K1T
0081,0B8BV
0082,9M84L
0083,490DB
0084,UZRJV
0085,HGSSE
0086,6Q2AN
0087,8EWRZ
0088,E2GDR
0089,BHSU4
0090,MAU2N
0091,ADAK2
0092,TDGZQ
0093,0F90Z
0094,KWP98
0095,5VEAD
0096,VPB35
0097,TBM50
0098,V1KJQ
0099,6X2F1
0100,GQQCE
0101,G4T3A
0102,PUXUH
0103,0Q61U
0104,Z79EX
0105,Q1U8L
0106,Y65L5
0107,VRYZW
0108,UW72K
0109,Y0JDZ
0110,CNSF9
0111,47F7T
0112,N8WPH
0113,PBT06
0114,2KZYC
0115,50DJY
0116,MG85H
0117,XTXY3
0118,45FV7
0119,U8L7X
0120,TZ50F
0121,NCBNV
0122,LG0K9
0123,U2BX1
0124,CEEY4
0125,BW2DP
0126,5W6GG
0127,F513H
0128,KUNK2
0129,XDVTP
0130,X0NVU
0131,Q36SU
0132,KTX81
0133,Q5N88
0134,G2DAW
0135,JN2KM
0136,2JRMZ
0137,F85HQ
0138,M2AHT
0139,KRKPW
0140,YXNDK
0141,ZV15M
0142,SR6DG
0143,Z8TDS
0144,A4PJB
0145,PJKV3
0146,L61T2
0147,32S6U
0148,QH3M8
0149,RWHLU
0150,5U6M4
0151,1QS2A
0152,HPTYQ
0153,RRVF9
0154,1040M
0155,QLKKS
0156,DGLXJ
0157,PPLXZ
0158,0P3VM
0159,LHTNV
0160,JH4BN
0161,WWZZ5
0162,FARM8
0163,TBUV4
0164,WBJB4
0165,NXEES
0166,KLZSL
0167,0G07D
0168,739D0
0169,84UBM
0170,3NMQ2
0171,3RECQ
0172,EKYQT
0173,YZ7BK
0174,AYAXZ
0175,K12MF
0176,P8GYL
0177,UYCG6
0178,YXT7Q
0179,SMYSD
0180,YSSM1
0181,RZQKJ
0182,9HY01
0183,NXGUW
0184,5QDKZ
0185,1CL9N
0186,XREFE
0187,230JV
0188,MVB71
0189,S2W24
0190,YC997
0191,BHNQF
0192,YPY4C
0193,KH2GV
0194,UMVQ0
0195,JY6MH
0196,VRKVJ
0197,P0JCW
0198,LUSN9
0199,YGSZQ
0200,PAU69
